[
	{
		"inputs": [
			{
				"internalType": "string",
				"name": "medicine_id",
				"type": "string"
			},
			{
				"internalType": "string",
				"name": "name",
				"type": "string"
			},
			{
				"internalType": "string",
				"name": "description",
				"type": "string"
			},
			{
				"internalType": "string",
				"name": "manufacturer",
				"type": "string"
			},
			{
				"internalType": "string",
				"name": "category",
				"type": "string"
			},
			{
				"internalType": "string",
				"name": "formula",
				"type": "string"
			},
			{
				"internalType": "string",
				"name": "chemicals",
				"type": "string"
			},
			{
				"internalType": "string",
				"name": "medicine_type",
				"type": "string"
			}
		],
		"name": "add_medicine",
		"outputs": [
			{
				"internalType": "bool",
				"name": "",
				"type": "bool"
			}
		],
		"stateMutability": "nonpayable",
		"type": "function"
	},
	{
		"inputs": [
			{
				"internalType": "string",
				"name": "order_id",
				"type": "string"
			},
			{
				"internalType": "string",
				"name": "medicine_id",
				"type": "string"
			},
			{
				"internalType": "uint256",
				"name": "price",
				"type": "uint256"
			},
			{
				"internalType": "uint256",
				"name": "quantity",
				"type": "uint256"
			},
			{
				"internalType": "uint256",
				"name": "status",
				"type": "uint256"
			}
		],
		"name": "add_order",
		"outputs": [
			{
				"internalType": "bool",
				"name": "",
				"type": "bool"
			}
		],
		"stateMutability": "nonpayable",
		"type": "function"
	},
	{
		"inputs": [
			{
				"internalType": "string",
				"name": "stock_id",
				"type": "string"
			},
			{
				"internalType": "string",
				"name": "medicine_id",
				"type": "string"
			},
			{
				"internalType": "uint256",
				"name": "price",
				"type": "uint256"
			},
			{
				"internalType": "uint256",
				"name": "quantity",
				"type": "uint256"
			},
			{
				"internalType": "uint256",
				"name": "manufacture_date",
				"type": "uint256"
			},
			{
				"internalType": "uint256",
				"name": "expiry_date",
				"type": "uint256"
			}
		],
		"name": "add_stock",
		"outputs": [
			{
				"internalType": "bool",
				"name": "",
				"type": "bool"
			}
		],
		"stateMutability": "nonpayable",
		"type": "function"
	},
	{
		"inputs": [
			{
				"internalType": "string",
				"name": "order_id",
				"type": "string"
			},
			{
				"internalType": "string",
				"name": "medicine_id",
				"type": "string"
			},
			{
				"internalType": "uint256",
				"name": "quantity",
				"type": "uint256"
			}
		],
		"name": "place_order",
		"outputs": [
			{
				"internalType": "bool",
				"name": "",
				"type": "bool"
			}
		],
		"stateMutability": "nonpayable",
		"type": "function"
	},
	{
		"inputs": [],
		"name": "view_all_medicines",
		"outputs": [
			{
				"components": [
					{
						"internalType": "string",
						"name": "medicine_id",
						"type": "string"
					},
					{
						"internalType": "string",
						"name": "name",
						"type": "string"
					},
					{
						"internalType": "string",
						"name": "description",
						"type": "string"
					},
					{
						"internalType": "string",
						"name": "manufacturer",
						"type": "string"
					},
					{
						"internalType": "string",
						"name": "category",
						"type": "string"
					},
					{
						"internalType": "string",
						"name": "formula",
						"type": "string"
					},
					{
						"internalType": "string",
						"name": "chemicals",
						"type": "string"
					},
					{
						"internalType": "string",
						"name": "medicine_type",
						"type": "string"
					}
				],
				"internalType": "struct IMedisecure.Medicine[]",
				"name": "",
				"type": "tuple[]"
			}
		],
		"stateMutability": "view",
		"type": "function"
	},
	{
		"inputs": [],
		"name": "view_all_orders",
		"outputs": [
			{
				"components": [
					{
						"internalType": "string",
						"name": "order_id",
						"type": "string"
					},
					{
						"internalType": "string",
						"name": "medicine_id",
						"type": "string"
					},
					{
						"internalType": "uint256",
						"name": "price",
						"type": "uint256"
					},
					{
						"internalType": "uint256",
						"name": "quantity",
						"type": "uint256"
					},
					{
						"internalType": "uint256",
						"name": "total_price",
						"type": "uint256"
					},
					{
						"internalType": "uint256",
						"name": "status",
						"type": "uint256"
					}
				],
				"internalType": "struct IMedisecure.Order[]",
				"name": "",
				"type": "tuple[]"
			}
		],
		"stateMutability": "view",
		"type": "function"
	},
	{
		"inputs": [],
		"name": "view_all_stocks",
		"outputs": [
			{
				"components": [
					{
						"internalType": "string",
						"name": "stock_id",
						"type": "string"
					},
					{
						"internalType": "string",
						"name": "medicine_id",
						"type": "string"
					},
					{
						"internalType": "uint256",
						"name": "price",
						"type": "uint256"
					},
					{
						"internalType": "uint256",
						"name": "quantity",
						"type": "uint256"
					},
					{
						"internalType": "uint256",
						"name": "manufacture_date",
						"type": "uint256"
					},
					{
						"internalType": "uint256",
						"name": "expiry_date",
						"type": "uint256"
					}
				],
				"internalType": "struct IMedisecure.Stock[]",
				"name": "",
				"type": "tuple[]"
			}
		],
		"stateMutability": "view",
		"type": "function"
	},
	{
		"inputs": [
			{
				"internalType": "string",
				"name": "manufacturer",
				"type": "string"
			}
		],
		"name": "view_medicine_by_manufacturer",
		"outputs": [
			{
				"components": [
					{
						"internalType": "string",
						"name": "medicine_id",
						"type": "string"
					},
					{
						"internalType": "string",
						"name": "name",
						"type": "string"
					},
					{
						"internalType": "string",
						"name": "description",
						"type": "string"
					},
					{
						"internalType": "string",
						"name": "manufacturer",
						"type": "string"
					},
					{
						"internalType": "string",
						"name": "category",
						"type": "string"
					},
					{
						"internalType": "string",
						"name": "formula",
						"type": "string"
					},
					{
						"internalType": "string",
						"name": "chemicals",
						"type": "string"
					},
					{
						"internalType": "string",
						"name": "medicine_type",
						"type": "string"
					}
				],
				"internalType": "struct IMedisecure.Medicine[]",
				"name": "",
				"type": "tuple[]"
			}
		],
		"stateMutability": "view",
		"type": "function"
	},
	{
		"inputs": [
			{
				"internalType": "string",
				"name": "order_id",
				"type": "string"
			}
		],
		"name": "view_order_by_id",
		"outputs": [
			{
				"components": [
					{
						"internalType": "string",
						"name": "order_id",
						"type": "string"
					},
					{
						"internalType": "string",
						"name": "medicine_id",
						"type": "string"
					},
					{
						"internalType": "uint256",
						"name": "price",
						"type": "uint256"
					},
					{
						"internalType": "uint256",
						"name": "quantity",
						"type": "uint256"
					},
					{
						"internalType": "uint256",
						"name": "total_price",
						"type": "uint256"
					},
					{
						"internalType": "uint256",
						"name": "status",
						"type": "uint256"
					}
				],
				"internalType": "struct IMedisecure.Order",
				"name": "",
				"type": "tuple"
			}
		],
		"stateMutability": "view",
		"type": "function"
	},
	{
		"inputs": [
			{
				"internalType": "string",
				"name": "manufacturer",
				"type": "string"
			}
		],
		"name": "view_stocks_by_manufacturer",
		"outputs": [
			{
				"components": [
					{
						"internalType": "string",
						"name": "stock_id",
						"type": "string"
					},
					{
						"internalType": "string",
						"name": "medicine_id",
						"type": "string"
					},
					{
						"internalType": "uint256",
						"name": "price",
						"type": "uint256"
					},
					{
						"internalType": "uint256",
						"name": "quantity",
						"type": "uint256"
					},
					{
						"internalType": "uint256",
						"name": "manufacture_date",
						"type": "uint256"
					},
					{
						"internalType": "uint256",
						"name": "expiry_date",
						"type": "uint256"
					}
				],
				"internalType": "struct IMedisecure.Stock[]",
				"name": "",
				"type": "tuple[]"
			}
		],
		"stateMutability": "view",
		"type": "function"
	},
	{
		"inputs": [
			{
				"internalType": "string",
				"name": "medicine_id",
				"type": "string"
			}
		],
		"name": "view_stocks_by_medicine_id",
		"outputs": [
			{
				"components": [
					{
						"internalType": "string",
						"name": "stock_id",
						"type": "string"
					},
					{
						"internalType": "string",
						"name": "medicine_id",
						"type": "string"
					},
					{
						"internalType": "uint256",
						"name": "price",
						"type": "uint256"
					},
					{
						"internalType": "uint256",
						"name": "quantity",
						"type": "uint256"
					},
					{
						"internalType": "uint256",
						"name": "manufacture_date",
						"type": "uint256"
					},
					{
						"internalType": "uint256",
						"name": "expiry_date",
						"type": "uint256"
					}
				],
				"internalType": "struct IMedisecure.Stock[]",
				"name": "",
				"type": "tuple[]"
			}
		],
		"stateMutability": "view",
		"type": "function"
	}
]